<?xml version="1.0" encoding="UTF-8"?><api-library>   <name>EXTRACT_NUM</name>   <code>EXTRACT_NUM</code>   <version>01.00.0000</version>   <implementationType>JAVASCRIPT</implementationType>   <sources>      <source>         <apiIdList>EXTRACT_NUM:01.00.0000:ExtractNumbers.js:extractNum:timeStamp1</apiIdList>         <fileName>ExtractNumbers.js</fileName>         <apiDefinitions>            <api apiid="EXTRACT_NUM:01.00.0000:ExtractNumbers.js:extractNum:timeStamp1">               <classification>XPATH</classification>               <duplicateFnFlag>false</duplicateFnFlag>               <name>extractNum</name>               <inputParameters>                  <input>                     <icon>/oracle/ics/webconsole/view/images/string_24_ena.png</icon>                     <name>timeStamp1</name>                     <type>string</type>                  </input>               </inputParameters>               <libraryCode>EXTRACT_NUM</libraryCode>               <outputParameters>                  <output>                     <icon>/oracle/ics/webconsole/view/images/string_24_ena.png</icon>                     <name>num</name>                     <type>string</type>                  </output>               </outputParameters>               <unsupportedSyntax>false</unsupportedSyntax>            </api>         </apiDefinitions>         <libraryCode>EXTRACT_NUM</libraryCode>         <path>/u01/data/domains/oiciad4I_domain/servers/oiciad4I_server_2/storage/ics/tmp/WC/EXTRACT_NUM/ExtractNumbers.js</path>      </source>   </sources></api-library>